,id,trove_api_url,trove_url,trove_page_url,trove_pdf_url,heading,title,trove_title_url,trove_api_title_url,identifier,date,page,page_sequence,page_label,supplement,section,edition,spatial,illustrated,extent,type,abstract
0,233287452,https://api.trove.nla.gov.au/v3/newspaper/233287452,https://.nla.gov.au/nla.news-article233287452,https://nla.gov.au/nla.news-page25211920,https://trove.nla.gov.au/ndp/imageservice/nla.news-page25211920/print,ANOTHER GHOST.,"The Tasmanian Democrat (Launceston, Tas. : 1891 - 1898)",https://nla.gov.au/nla.news-title1269,https://api.trove.nla.gov.au/v3/newspaper/title/1269,2206849X;issn,1896-06-05,2.0,2,,,,,Tasmania,N,267 words,Article,"The Launceston Telegraph is again endeavoring to raise the ghost of provincial protection, in order to scare the guileless farmers"
2,253065456,https://api.trove.nla.gov.au/v3/newspaper/253065456,https://.nla.gov.au/nla.news-article253065456,https://nla.gov.au/nla.news-page28018350,https://trove.nla.gov.au/ndp/imageservice/nla.news-page28018350/print,SETTLING A GHOST.,Sydney Punch (NSW : 1864 - 1888),https://nla.gov.au/nla.news-title1464,https://api.trove.nla.gov.au/v3/newspaper/title/1464,22096744;issn,1888-07-07,3.0,3,,,,,New South Wales,Y,611 words,Article,"""Do you believe in ghosts?"" ""I do nowadays, but I didn't formerly."" ""What made you change your mind?"""
3,87938061,https://api.trove.nla.gov.au/v3/newspaper/87938061,https://.nla.gov.au/nla.news-article87938061,https://nla.gov.au/nla.news-page9121637,https://trove.nla.gov.au/ndp/imageservice/nla.news-page9121637/print,THE STAGE GHOST.,Bendigo Advertiser (Vic. : 1855 - 1918),https://nla.gov.au/nla.news-title346,https://api.trove.nla.gov.au/v3/newspaper/title/346,22004696;issn,1863-08-13,3.0,3,,,,,Victoria,N,1338 words,Article,"Our Melbourne correspondent says:—""Pepper's ghost made its first (Australian) appearance on Monday evening at the Haymarket Theatre, and the opinions relative to it are as"
4,199544988,https://api.trove.nla.gov.au/v3/newspaper/199544988,https://.nla.gov.au/nla.news-article199544988,https://nla.gov.au/nla.news-page22092057,https://trove.nla.gov.au/ndp/imageservice/nla.news-page22092057/print,WAS IT A GHOST THEY SAW ?,"The Tasmanian (Launceston, Tas. : 1881 - 1895)",https://nla.gov.au/nla.news-title947,https://api.trove.nla.gov.au/v3/newspaper/title/947,2204583X;issn,1893-09-23,4.0,4,,,,,Tasmania,N,894 words,Article,"Mrs H. H. Jennings lives at No 211, Main Street, Bridgeport, and Miss Minnie Parrot boards with her. The house is an old one, but in good order. One night"
5,65760396,https://api.trove.nla.gov.au/v3/newspaper/65760396,https://.nla.gov.au/nla.news-article65760396,https://nla.gov.au/nla.news-page6777240,https://trove.nla.gov.au/ndp/imageservice/nla.news-page6777240/print,WAS IT A GHOST THEY SAW?,"The Capricornian (Rockhampton, Qld. : 1875 - 1929)",https://nla.gov.au/nla.news-title186,https://api.trove.nla.gov.au/v3/newspaper/title/186,18389775;issn,1893-09-30,26.0,26,,,,,Queensland,N,747 words,Article,"Mrs. H. H. Jennings, lives at No. 211, Main Street, Bridgeport, and Miss Minnie Parrot boards with her. The house is an old one, but in good order. One night early in"
8,166657032,https://api.trove.nla.gov.au/v3/newspaper/166657032,https://.nla.gov.au/nla.news-article166657032,https://nla.gov.au/nla.news-page16550546,https://trove.nla.gov.au/ndp/imageservice/nla.news-page16550546/print,THE TYRONE GHOST STORY.,Sydney Mail (NSW : 1860 - 1871),https://nla.gov.au/nla.news-title697,https://api.trove.nla.gov.au/v3/newspaper/title/697,22026002;issn,1864-08-06,7.0,7,,,,,New South Wales,N,4004 words,Article,"Lord Tyrone and Lady Beresford were born in Dublin. They were left orphans in their infancy to the care of the same person, who brought them up in the principles of Deism. Their guardian dying when"
9,271088111,https://api.trove.nla.gov.au/v3/newspaper/271088111,https://.nla.gov.au/nla.news-article271088111,https://nla.gov.au/nla.news-page30688997,https://trove.nla.gov.au/ndp/imageservice/nla.news-page30688997/print,LORD LYTTELTON’S GHOST.,Wagga Wagga Express and Murrumbidgee District Advertiser (NSW : 1858 - 1859; 1866; 1872 - 1875),https://nla.gov.au/nla.news-title382,https://api.trove.nla.gov.au/v3/newspaper/title/382,22007962;issn,1875-03-27,4.0,4,,,,,New South Wales,N,3044 words,Article,"IN his Tales of Our Great Families,” now publishing, Mr. Edward Walford gives versions of the Lord Lyttelton ghost story, from original papers which"
10,75829512,https://api.trove.nla.gov.au/v3/newspaper/75829512,https://.nla.gov.au/nla.news-article75829512,https://nla.gov.au/nla.news-page7503063,https://trove.nla.gov.au/ndp/imageservice/nla.news-page7503063/print,AN EXTRAORDINARY IRISH GHOST.,Warwick Argus and Tenterfield Chronicle (Qld. : 1866 - 1879),https://nla.gov.au/nla.news-title260,https://api.trove.nla.gov.au/v3/newspaper/title/260,18396828;issn,1875-04-15,4.0,4,,,,,Queensland,N,3386 words,Article,"THE [?]fast New[?]ller contains a long account of the [?] of a ghost at Cookstown, who seems to [?] aff[?]ty with the [?]tent mysterious [?]ne-throwers of Clerkenwell,"
15,71259243,https://api.trove.nla.gov.au/v3/newspaper/71259243,https://.nla.gov.au/nla.news-article71259243,https://nla.gov.au/nla.news-page6004253,https://trove.nla.gov.au/ndp/imageservice/nla.news-page6004253/print,THE GHOST AND THE BISHOP.,"Australian Town and Country Journal (Sydney, NSW : 1870 - 1919)",https://nla.gov.au/nla.news-title52,https://api.trove.nla.gov.au/v3/newspaper/title/52,18373666;issn,1891-11-07,45.0,45,,,,,New South Wales,N,256 words,Article,"A ghost who, instead of being attired in the traditional white robes, goes about dressed in green and is known as La Dame Verte, is (a Paris correspondent of a"
16,233291639,https://api.trove.nla.gov.au/v3/newspaper/233291639,https://.nla.gov.au/nla.news-article233291639,https://nla.gov.au/nla.news-page25212299,https://trove.nla.gov.au/ndp/imageservice/nla.news-page25212299/print,BLIND SOCIETY LAYS A GHOST.,"The Tasmanian Democrat (Launceston, Tas. : 1891 - 1898)",https://nla.gov.au/nla.news-title1269,https://api.trove.nla.gov.au/v3/newspaper/title/1269,2206849X;issn,1898-04-08,2.0,2,,,,,Tasmania,N,196 words,Article,"We have had quite a number of annual meetings of one sort and another, and among the most interesting was that of the Blind Deaf and Dumb Society, which Society, by"
18,271093816,https://api.trove.nla.gov.au/v3/newspaper/271093816,https://.nla.gov.au/nla.news-article271093816,https://nla.gov.au/nla.news-page30688908,https://trove.nla.gov.au/ndp/imageservice/nla.news-page30688908/print,THE GHOST IN THE CLASS.,Wagga Wagga Express and Murrumbidgee District Advertiser (NSW : 1858 - 1859; 1866; 1872 - 1875),https://nla.gov.au/nla.news-title382,https://api.trove.nla.gov.au/v3/newspaper/title/382,22007962;issn,1875-01-20,4.0,4,,,,,New South Wales,N,3006 words,Article,"THE following is taken from Mr. Whitworth’s Christmas book, and is we think, a fair specimen of the tales of which we took notice last week."
19,264723762,https://api.trove.nla.gov.au/v3/newspaper/264723762,https://.nla.gov.au/nla.news-article264723762,https://nla.gov.au/nla.news-page29639876,https://trove.nla.gov.au/ndp/imageservice/nla.news-page29639876/print|https://trove.nla.gov.au/ndp/imageservice/nla.news-page29639877/print,THE RUSSIAN GHOST OF LIBERTY.,Hobart Town Advertiser : Weekly Edt. (Tas. : 1859 - 1865),https://nla.gov.au/nla.news-title1739,https://api.trove.nla.gov.au/v3/newspaper/title/1739,NDP00240;issn,1863-12-05,2.0,2,,,,,Tasmania,N,8361 words,Article,"Though not given to superstition, we are ready to own that ours is an age of phantoms. In the absence of anything substantial of a new or startling kind, in politics or religion, shadows are invoked of every"
20,213444553,https://api.trove.nla.gov.au/v3/newspaper/213444553,https://.nla.gov.au/nla.news-article213444553,https://nla.gov.au/nla.news-page23295244,https://trove.nla.gov.au/ndp/imageservice/nla.news-page23295244/print,A LIVING GHOST. WALKING IN HER SLEEP.,"The Daily Northern Argus (Rockhampton, Qld. : 1875 - 1896)",https://nla.gov.au/nla.news-title1069,https://api.trove.nla.gov.au/v3/newspaper/title/1069,2205118X;issn,1895-08-30,3.0,3 S,,,,SECOND EDITION,Queensland,N,150 words,Article,"I[?] the dark hours of a recent Sunday morning, says the Hobart (Tasmania) Mercury, a young man was wending his way homewards past the disused burial"
22,196660755,https://api.trove.nla.gov.au/v3/newspaper/196660755,https://.nla.gov.au/nla.news-article196660755,https://nla.gov.au/nla.news-page21472699,https://trove.nla.gov.au/ndp/imageservice/nla.news-page21472699/print,"SHOOTING AT A GHOST. ROCHESTER, MONDAY.","Leader (Melbourne, Vic. : 1862 - 1918, 1935)",https://nla.gov.au/nla.news-title319,https://api.trove.nla.gov.au/v3/newspaper/title/319,22002219;issn,1896-02-15,23.0,23,,,,,Victoria,N,2019 words,Article,For several evenings an apparition has been observed flitting about at the hack of the railway station. Residents of a nervous disposition have been grently exercised in their minds over
32,232958699,https://api.trove.nla.gov.au/v3/newspaper/232958699,https://.nla.gov.au/nla.news-article232958699,https://nla.gov.au/nla.news-page25181339,https://trove.nla.gov.au/ndp/imageservice/nla.news-page25181339/print,OUR AMUSEMENTS. D’ARCY’S READ’S GHOST.,"Tasmanian Punch (Hobart Town, Tas. : 1869 - 1870; 1877 - 1878)",https://nla.gov.au/nla.news-title1261,https://api.trove.nla.gov.au/v3/newspaper/title/1261,22069283;issn,1878-09-07,13.0,13,,,,,Tasmania,N,401 words,Article,"This entertainment is drawing very large houses in Hobart Town, insomuch that on two occasions money was refused, and numbers, unable to gain admission, had to return home disappointed. appointed. Mr. Punch had the pleasure of being present"
37,198906140,https://api.trove.nla.gov.au/v3/newspaper/198906140,https://.nla.gov.au/nla.news-article198906140,https://nla.gov.au/nla.news-page22044223,https://trove.nla.gov.au/ndp/imageservice/nla.news-page22044223/print,GREELEY'S GHOST. TO THE EDITOR OF THE TASMANIAN.,"The Tasmanian (Launceston, Tas. : 1871 - 1879)",https://nla.gov.au/nla.news-title946,https://api.trove.nla.gov.au/v3/newspaper/title/946,22045813;issn,1876-10-21,11.0,11,,,,,Tasmania,N,570 words,Article,"SIR,—Mr Trowell, the historian made a report in a speech delivered at Cape Town a year or two ago to the effect that the"
50,232956567,https://api.trove.nla.gov.au/v3/newspaper/232956567,https://.nla.gov.au/nla.news-article232956567,https://nla.gov.au/nla.news-page25187603,https://trove.nla.gov.au/ndp/imageservice/nla.news-page25187603/print,NOTES OF THE DAY. D’ARCY READ’S GHOST.,"Tasmanian Evening Herald (Launceston, Tas. : 1878)",https://nla.gov.au/nla.news-title1265,https://api.trove.nla.gov.au/v3/newspaper/title/1265,22068104;issn,1878-08-15,2.0,2,,,,,Tasmania,N,1841 words,Article,"This favorite entertainment, with its clever illusionary displays, has been particularly unfortunate as far as the weather goes, but now that there are signs of an"
67,200310568,https://api.trove.nla.gov.au/v3/newspaper/200310568,https://.nla.gov.au/nla.news-article200310568,https://nla.gov.au/nla.news-page22080953,https://trove.nla.gov.au/ndp/imageservice/nla.news-page22080953/print,"""THE GHOST"" AND THE PRESBYTERY OF MELBOURNE. TO THE EDITOR.","The Tasmanian (Launceston, Tas. : 1881 - 1895)",https://nla.gov.au/nla.news-title947,https://api.trove.nla.gov.au/v3/newspaper/title/947,2204583X;issn,1883-09-15,1085.0,1085,,,,,Tasmania,N,973 words,Article,"SIR,—Your correspondent, ""The Ghost,"" in writing ""Echoes of Melbourne,"" which appeared in to-day's issue of the Examiner, has devoted a paragraph to the Presbytery of"
76,77255735,https://api.trove.nla.gov.au/v3/newspaper/77255735,https://.nla.gov.au/nla.news-article77255735,https://nla.gov.au/nla.news-page7891907,https://trove.nla.gov.au/ndp/imageservice/nla.news-page7891907/print,"""MRS. CHARLIE THORNEYCROFT'S CURTAIN LECTURES,"" [BY THE GHOST OF CAUDLE]",The Singleton Argus and Upper Hunter General Advocate (NSW : 1874 - 1880),https://nla.gov.au/nla.news-title282,https://api.trove.nla.gov.au/v3/newspaper/title/282,18398545;issn,1877-08-22,3.0,3,,,,,New South Wales,N,1434 words,Article,"Now Charicy, I'll stand it no longer, you, have held the reins for the: last ten years, and have, done next to nothing. You have spoiled to be sure and bounced occasionally;"
82,60476845,https://api.trove.nla.gov.au/v3/newspaper/60476845,https://.nla.gov.au/nla.news-article60476845,https://nla.gov.au/nla.news-page5508125,https://trove.nla.gov.au/ndp/imageservice/nla.news-page5508125/print,"A DREADFUL GHOST. BY THE AUTHOR OF ""JOHN HALIFAX, GENTLEMAN.""","Empire (Sydney, NSW : 1850 - 1875)",https://nla.gov.au/nla.news-title67,https://api.trove.nla.gov.au/v3/newspaper/title/67,18381057;issn,1862-06-16,6.0,6,,,,,New South Wales,N,5618 words,Article,"Such a dreadful ghost!—oh, such a dreadful ghost!"" My wife, who was lockily sitting by me was at first as much frightened as I was, but gradually she succeeded in quieting both me and herself, which inde[?]dc she has a"
84,39481097,https://api.trove.nla.gov.au/v3/newspaper/39481097,https://.nla.gov.au/nla.news-article39481097,https://nla.gov.au/nla.news-page2946603,https://trove.nla.gov.au/ndp/imageservice/nla.news-page2946603/print,HIS FATHER'S GHOST. (WRITTEN EXPRESSLY FOR CHRISTMAS SUPPLEMENT.) CHAPTER I.,Launceston Examiner (Tas. : 1842 - 1899),https://nla.gov.au/nla.news-title74,https://api.trove.nla.gov.au/v3/newspaper/title/74,18368204;issn,1892-12-24,3.0,3 S,,CHRISTMAS SUPPLEMENT TO THE 'EXAMINER' & 'TASMANIAN.',,,Tasmania,N,2714 words,Article,"It was the evening of Christmas Day in Launceston. We—that is to say, Jack Digby, Ned Nuttal, and myself—were three solitary bachelors, and we had killed the day as best we might and now, in the evening gloaming, we sat under the verandah and"
87,13376743,https://api.trove.nla.gov.au/v3/newspaper/13376743,https://.nla.gov.au/nla.news-article13376743,https://nla.gov.au/nla.news-page1441175,https://trove.nla.gov.au/ndp/imageservice/nla.news-page1441175/print,"""HANDEL'S GHOST"" AND MUSICAL SOCIETIES. TO THE EDITOR OF THE HERALD.",The Sydney Morning Herald (NSW : 1842 - 1954),https://nla.gov.au/nla.news-title35,https://api.trove.nla.gov.au/v3/newspaper/title/35,03126315;issn,1876-07-19,2.0,2,,,,,New South Wales,N,177 words,Article,"SIR,—Under the above heading, in this day's issue, I notice a letter from ""Handel's Ghost,"" who is at a loss to know the reason why we Sydney folks cannot boast of musical societies such as exist in Melbourne Queensland,"
91,241114102,https://api.trove.nla.gov.au/v3/newspaper/241114102,https://.nla.gov.au/nla.news-article241114102,https://nla.gov.au/nla.news-page26243327,https://trove.nla.gov.au/ndp/imageservice/nla.news-page26243327/print,BACK FROM THE GRAVE. A GHOST STORY TO-DAY CHAPTER III.,"The Herald (Melbourne, Vic. : 1861 - 1954)",https://nla.gov.au/nla.news-title1190,https://api.trove.nla.gov.au/v3/newspaper/title/1190,22062459;issn,1894-11-09,2.0,2,,,,,Victoria,Y,2743 words,Article,About this time Mrs Vipont and her son received an invitation from the Premier of the colony to spend a few wecke at his country residence on the Blue Mountains. As the bot
92,227323653,https://api.trove.nla.gov.au/v3/newspaper/227323653,https://.nla.gov.au/nla.news-article227323653,https://nla.gov.au/nla.news-page24831845,https://trove.nla.gov.au/ndp/imageservice/nla.news-page24831845/print,"THE GHOST OF TOASTMASTER HARK[?]. ""FOUR THOUSAND DINNERS, AND SLILL ALIVE !""","The Australian Star (Sydney, NSW : 1887 - 1909)",https://nla.gov.au/nla.news-title1178,https://api.trove.nla.gov.au/v3/newspaper/title/1178,22059466;issn,1889-04-01,6.0,6,,,,,New South Wales,N,1289 words,Article,"INDEED, I am not dead. In deed I am dead, exclaimed a tall, bearded gentleman who walked into our office late on Friday. I'm Harker. Harker !"
102,169269988,https://api.trove.nla.gov.au/v3/newspaper/169269988,https://.nla.gov.au/nla.news-article169269988,https://nla.gov.au/nla.news-page20257592,https://trove.nla.gov.au/ndp/imageservice/nla.news-page20257592/print|https://trove.nla.gov.au/ndp/imageservice/nla.news-page20257594/print,WHAT MODERN SCIENCE HIS NOT DONE. (A NORFOLK ISLAND GHOST STORY.),"Advocate (Melbourne, Vic. : 1868 - 1954)",https://nla.gov.au/nla.news-title792,https://api.trove.nla.gov.au/v3/newspaper/title/792,2203398X;issn,1883-03-31,19.0,19,,,,,Victoria,N,3366 words,Article,"THE victories achieved by what is [?] Science are so many and so wonderful that you must have heard of them. Oh, esteemed reader, how far soever away your"
107,221786837,https://api.trove.nla.gov.au/v3/newspaper/221786837,https://.nla.gov.au/nla.news-article221786837,https://nla.gov.au/nla.news-page23417941,https://trove.nla.gov.au/ndp/imageservice/nla.news-page23417941/print,THE PHANTOM HORSEMAN. A TALE OF TASMANIA.,"Weekly Times (Melbourne, Vic. : 1869 - 1954)",https://nla.gov.au/nla.news-title621,https://api.trove.nla.gov.au/v3/newspaper/title/621,22021159;issn,1894-02-10,31.0,31,,,,,Victoria,N,1179 words,Article,"There are more things in heaven and earth, Horatio, than are dreamt of in your philosophy.--Shakspeare. I may preface the following true story by"
108,211777886,https://api.trove.nla.gov.au/v3/newspaper/211777886,https://.nla.gov.au/nla.news-article211777886,https://nla.gov.au/nla.news-page23135243,https://trove.nla.gov.au/ndp/imageservice/nla.news-page23135243/print,(THE PHANTOM HORSEMAN.) A TALE OF TASMANIA.,Cobram Courier (Vic. : 1888 - 1954),https://nla.gov.au/nla.news-title545,https://api.trove.nla.gov.au/v3/newspaper/title/545,22017887;issn,1894-02-15,7.0,7,,,,,Victoria,N,1168 words,Article,"There are more thing, in heaven and earth; Horatio, then are dreamt of in your phdosopky Shakespeare. I may preface the following true story by"
139,5951546,https://api.trove.nla.gov.au/v3/newspaper/5951546,https://.nla.gov.au/nla.news-article5951546,https://nla.gov.au/nla.news-page252336,https://trove.nla.gov.au/ndp/imageservice/nla.news-page252336/print,THE ORIGINAL COLLINS-STREET. THE GHOST OF A CITY THAT NEVER WAS BORN.,"The Argus (Melbourne, Vic. : 1848 - 1957)",https://nla.gov.au/nla.news-title13,https://api.trove.nla.gov.au/v3/newspaper/title/13,18339719;issn,1879-07-26,9.0,9,,,,,Victoria,N,2959 words,Article,"In more than one Australian city is a street named after Collins—the hero who ruled as Governor in Port Phillip in 1803, and who was then in such a hurry to be off from our shores"
142,241091840,https://api.trove.nla.gov.au/v3/newspaper/241091840,https://.nla.gov.au/nla.news-article241091840,https://nla.gov.au/nla.news-page26243331,https://trove.nla.gov.au/ndp/imageservice/nla.news-page26243331/print,BACK FROM THE CRAVE A GHOST STORY OF TO-DAY CHAPTER IV. -- (CONCLUDED.),"The Herald (Melbourne, Vic. : 1861 - 1954)",https://nla.gov.au/nla.news-title1190,https://api.trove.nla.gov.au/v3/newspaper/title/1190,22062459;issn,1894-11-10,2.0,2,,,,,Victoria,Y,2575 words,Article,"I lay back in my chair filled with a strange certainty that Helen Armytage and the owner of the locket I had found in ray bedroom at Sydney, were one and the same person. Nay,"
146,254486898,https://api.trove.nla.gov.au/v3/newspaper/254486898,https://.nla.gov.au/nla.news-article254486898,https://nla.gov.au/nla.news-page28275933,https://trove.nla.gov.au/ndp/imageservice/nla.news-page28275933/print,LITERATURE. THE PHANTOM HORSEMAN. A TALE OF TASMANIA.,The Albury Banner and Wodonga Express (NSW : 1860 - 1927; 1929 - 1931; 1933 - 1938),https://nla.gov.au/nla.news-title436,https://api.trove.nla.gov.au/v3/newspaper/title/436,22014128;issn,1894-03-16,8.0,8,,,,,New South Wales,N,1050 words,Article,"There are more things in heaven and earth, Horatio, than are dreamt of in your philosophy. —Shakspeare. I may preface the following true story"
207,199065698,https://api.trove.nla.gov.au/v3/newspaper/199065698,https://.nla.gov.au/nla.news-article199065698,https://nla.gov.au/nla.news-page22039929,https://trove.nla.gov.au/ndp/imageservice/nla.news-page22039929/print|https://trove.nla.gov.au/ndp/imageservice/nla.news-page22039930/print,"TALES & SKETCHES. FARMER MACK. WRITTEN FOR THE EXAMINER AND TASMANIAN. BY ADELINE J. WHITFELD. AUTHOR OF 'MY LADY,' 'MADGE,' 'REX,' ETC. CHAPTER II.—THE GHOST.—CONTINUED.","The Tasmanian (Launceston, Tas. : 1881 - 1895)",https://nla.gov.au/nla.news-title947,https://api.trove.nla.gov.au/v3/newspaper/title/947,2204583X;issn,1895-03-02,3.0,3,,,,,Tasmania,N,2701 words,Article,"The lady smiled. She had not seen Farmer Mack jogging along on his old grey mare, but she guessed something of the steed to which he was"
242,169751670,https://api.trove.nla.gov.au/v3/newspaper/169751670,https://.nla.gov.au/nla.news-article169751670,https://nla.gov.au/nla.news-page16121581,https://trove.nla.gov.au/ndp/imageservice/nla.news-page16121581/print,"HOWARD'S HOLOCA[?]. DOINGS AT DARLINGHURST. NO. VI. HENRY JAMES O'FARRELL, A LUNATIC. HIS TRIAL AND EXECUTION. FOR SHOOTING THE DUKE OF EDINBURGH AT CLONTARF. THE KIAMA GHOST SCARE. AN ORANGE FIELD DAY. THE YELLOW PUP OFF THE CHAIN. SOME REMINISCENCES OF THE INSTITUTION AND ITS MEMBERS.","Truth (Sydney, NSW : 1894 - 1954)",https://nla.gov.au/nla.news-title699,https://api.trove.nla.gov.au/v3/newspaper/title/699,2202588X;issn,1897-09-12,7.0,7,,,,,New South Wales,Y,4901 words,Article,"MANY years ago a bumptious individual named Alexander introduced into New South Wales an institution, which, as a people previously living in amity and friendship,"
243,197131675,https://api.trove.nla.gov.au/v3/newspaper/197131675,https://.nla.gov.au/nla.news-article197131675,https://nla.gov.au/nla.news-page21681046,https://trove.nla.gov.au/ndp/imageservice/nla.news-page21681046/print|https://trove.nla.gov.au/ndp/imageservice/nla.news-page21681047/print,"THE HELPS AND HINDRANCES TO THE SPIRITUAL LIFE WHICH ARISE FROM THE RELIGIOUS AND SECULAR ACTIVITIES OF THE DAY, INCLUDING AMUSEMENTS. THE VERY REV. H. B. BROMBY, B.A., DEAN OF HOBART, TASMANIA.",The Church of England Messenger and Ecclesiastical Gazette for the Diocese of Melbourne and Ballarat (Vic. : 1876 - 1889),https://nla.gov.au/nla.news-title955,https://api.trove.nla.gov.au/v3/newspaper/title/955,22044825;issn,1882-12-23,46.0,46 S,,SUPPLEMENT TO THE Church of England Messenger,,,Victoria,N,2547 words,Article,LET us begin with a definition. What is the spiritual life? It is not merely the cultivation of the highest part of a man's being; it is not merely the utterance of certain orthodox formulas; it is not merely the carrying out of prescribed
364,14314657,https://api.trove.nla.gov.au/v3/newspaper/14314657,https://.nla.gov.au/nla.news-article14314657,https://nla.gov.au/nla.news-page1349265,https://trove.nla.gov.au/ndp/imageservice/nla.news-page1349265/print|https://trove.nla.gov.au/ndp/imageservice/nla.news-page1349266/print,"SURGICAL AND MEDICAL THE LAST O' FOUR. 'MEMBER TOMMY. THEY ALL ASKED TOE OLD CRICH. THE CHANCE, AND THE GHOST OF A CHANCE. THE AUSTRALIAN TWINS. THE SHELL SPLINTER. I'LL NOT BE SENT HOME UNPAID DEBT TO THE BOERDRA WING INTEREST. "" DID HE LIKE IT?"" THE MEN OF COLONIAL EXPERT ENCE. BRING THEM ALONG. THE LAND IS A GOOD LAND. BY RUDYARD KIPLING.",The Sydney Morning Herald (NSW : 1842 - 1954),https://nla.gov.au/nla.news-title35,https://api.trove.nla.gov.au/v3/newspaper/title/35,03126315;issn,30/05/1900,7.0,7,,,,,New South Wales,N,3185 words,Article,"Crich, the orderly, sat on a camp-stool cheering Parker, who lay suspiciously quiet. Parker had come from Queensland, via New Jersey, among other cities, and the registered"
664,254375560,https://api.trove.nla.gov.au/v3/newspaper/254375560,https://.nla.gov.au/nla.news-article254375560,https://nla.gov.au/nla.news-page28235986,https://trove.nla.gov.au/ndp/imageservice/nla.news-page28235986/print,THE CONTRIBUTOR. THE PHANTOM HORSEMAN.,The Albury Banner and Wodonga Express (NSW : 1860 - 1927; 1929 - 1931; 1933 - 1938),https://nla.gov.au/nla.news-title436,https://api.trove.nla.gov.au/v3/newspaper/title/436,22014128;issn,1884-09-12,12.0,12,,,,,New South Wales,N,724 words,Article,"“There are more things in heaven and earth, Horatin, than are dreampt of In thy philosophy.“—SHAKESPEARE. I may preface the following true story by"
725,13268884,https://api.trove.nla.gov.au/v3/newspaper/13268884,https://.nla.gov.au/nla.news-article13268884,https://nla.gov.au/nla.news-page840551,https://trove.nla.gov.au/ndp/imageservice/nla.news-page840551/print,STARTLING EPISODE AT THE RELIEF RESTAURANT. SPIRITUALISTIC MANIFESTATIONS. DISCOVERY OF REMAINS UNDBR A HEARTHSTONE.,"The Mercury (Hobart, Tas. : 1860 - 1954)",https://nla.gov.au/nla.news-title10,https://api.trove.nla.gov.au/v3/newspaper/title/10,10399992;issn,1893-09-12,2.0,2,,,,,Tasmania,N,1612 words,Article,"It is highly desirable that ghosts should occasionally vindicate their existence by putting in an appearance. Their popularity in the eyes of spiritualists, clairvoyants,"
780,63105111,https://api.trove.nla.gov.au/v3/newspaper/63105111,https://.nla.gov.au/nla.news-article63105111,https://nla.gov.au/nla.news-page4846200,https://trove.nla.gov.au/ndp/imageservice/nla.news-page4846200/print,THE AURA OF SPIRITUALISM. A SPOOK'S LECTURE.,Illustrated Sydney News (NSW : 1881 - 1894),https://nla.gov.au/nla.news-title804,https://api.trove.nla.gov.au/v3/newspaper/title/804,22035419;issn,1893-08-19,3.0,3,,,,,New South Wales,Y,1843 words,Article,"When the great naturalist, Alfred Russell Wallace, issued his famous book on "" Modern Miracles,"" a thrill of surprise passed over the scientific world. That"
958,114964361,https://api.trove.nla.gov.au/v3/newspaper/114964361,https://.nla.gov.au/nla.news-article114964361,https://nla.gov.au/nla.news-page12109480,https://trove.nla.gov.au/ndp/imageservice/nla.news-page12109480/print,PHANTOM AVENGERS. THE WEIRD EXPERIENCES OF AN AUSTRALIAN PIONEER.,"The Riverine Herald (Echuca, Vic. : Moama, NSW : 1869 - 1954; 1998 - 2002)",https://nla.gov.au/nla.news-title311,https://api.trove.nla.gov.au/v3/newspaper/title/311,2200159X;issn,1898-07-15,3.0,3,,,,,Victoria,N,1474 words,Article,"Looking back on my long life of dare-devil adventure in the Australian backwoods, I often wonder whether there is really some ""Spirit of Justice""—some avenging angel—which acts as"
1689,66372202,https://api.trove.nla.gov.au/v3/newspaper/66372202,https://.nla.gov.au/nla.news-article66372202,https://nla.gov.au/nla.news-page6498374,https://trove.nla.gov.au/ndp/imageservice/nla.news-page6498374/print,GHOSTS OR NO GHOSTS.,"Hawkesbury Chronicle and Farmers Advocate (Windsor, NSW : 1881 - 1888)",https://nla.gov.au/nla.news-title177,https://api.trove.nla.gov.au/v3/newspaper/title/177,1838935X;issn,1884-12-27,4.0,4 S,,SUPPLEMENT TO The Hawkesbury Chronicle,,,New South Wales,N,3084 words,Article,"""OH, I don't believe in ghosts and haunted houses at all. It is all bosh and nonsense, only dreams of a sickly and depraved imagination."
1829,8866409,https://api.trove.nla.gov.au/v3/newspaper/8866409,https://.nla.gov.au/nla.news-article8866409,https://nla.gov.au/nla.news-page781618,https://trove.nla.gov.au/ndp/imageservice/nla.news-page781618/print,GHOSTS.,"The Mercury (Hobart, Tas. : 1860 - 1954)",https://nla.gov.au/nla.news-title10,https://api.trove.nla.gov.au/v3/newspaper/title/10,10399992;issn,1870-02-11,2.0,2,,,,,Tasmania,N,1154 words,Article,"Do you believe in ghosts? I do! and so did Lord Lyttleton, and King Saul, and the Witch of Endor! Many years ago, a faithful prisoner servant"
1995,198912255,https://api.trove.nla.gov.au/v3/newspaper/198912255,https://.nla.gov.au/nla.news-article198912255,https://nla.gov.au/nla.news-page22045672,https://trove.nla.gov.au/ndp/imageservice/nla.news-page22045672/print,THE PHANTOM IN THE LOBBY.,"The Tasmanian (Launceston, Tas. : 1871 - 1879)",https://nla.gov.au/nla.news-title946,https://api.trove.nla.gov.au/v3/newspaper/title/946,22045813;issn,1873-07-05,10.0,10,,,,,Tasmania,N,1935 words,Article,"Flitting through those chambers where the footsteps and voices of solemn wisdom periodically disturb long dormant echoes, it occurred to me that a more appropriate"
4841,91535457,https://api.trove.nla.gov.au/v3/newspaper/91535457,https://.nla.gov.au/nla.news-article91535457,https://nla.gov.au/nla.news-page8437096,https://trove.nla.gov.au/ndp/imageservice/nla.news-page8437096/print,BLACK SPIRITS AND WHITE. II.,"South Australian Chronicle (Adelaide, SA : 1889 - 1895)",https://nla.gov.au/nla.news-title290,https://api.trove.nla.gov.au/v3/newspaper/title/290,22001093;issn,1889-05-18,16.0,16,,,,,South Australia,N,2449 words,Article,"Uncle Peter had spent the day at Mr. Pritchett's mending plough stocks, righting the benhouse, the gates, and other things in the condition of dilapidation. His work had"
5008,5741782,https://api.trove.nla.gov.au/v3/newspaper/5741782,https://.nla.gov.au/nla.news-article5741782,https://nla.gov.au/nla.news-page214111,https://trove.nla.gov.au/ndp/imageservice/nla.news-page214111/print|https://trove.nla.gov.au/ndp/imageservice/nla.news-page214112/print,"THE NEWS BY THE MAIL. SPIRIT OF THE PRESS. THE PERILS OF AUSTRALIA. (FROM THE TIMES, SEPT. 17.)","The Argus (Melbourne, Vic. : 1848 - 1957)",https://nla.gov.au/nla.news-title13,https://api.trove.nla.gov.au/v3/newspaper/title/13,18339719;issn,1864-11-12,5.0,5,,,,,Victoria,N,11147 words,Article,"Nobody can deny that going to war has its disadvantages; on the other hand, it is also a rich mine of experience. America has been for the last four years making a very"
